{
  "resultado": {
    "avg_rps": 0.20978412053226203,
    "avg_brier": 0.5889573509178141,
    "avg_log_loss": 1.4945224751688029,
    "total_test_samples": 49140,
    "n_folds": 1336
  },
  "timestamp": "2026-07-10T21:57:22.302846"
}