{
  "team_a": "ARGENTINA",
  "team_b": "FRANCE",
  "n_matches_a": 1073,
  "n_matches_b": 939,
  "resultado": {
    "n_matches": 1063,
    "brier_score": 0.6469,
    "log_loss": 1.0712,
    "rps": 0.2323,
    "hit_rate_pct": 43.3,
    "ece": 0.1656,
    "calibration": {
      "0.2-0.3": {
        "n": 150,
        "pred_mean": 0.26980415606920155,
        "actual_freq": 0.5333333333333333
      },
      "0.3-0.4": {
        "n": 396,
        "pred_mean": 0.3506403276044866,
        "actual_freq": 0.5252525252525253
      },
      "0.4-0.5": {
        "n": 286,
        "pred_mean": 0.4454300084961462,
        "actual_freq": 0.5944055944055944
      },
      "0.5-0.6": {
        "n": 131,
        "pred_mean": 0.5412946085757553,
        "actual_freq": 0.6183206106870229
      },
      "0.6-0.7": {
        "n": 75,
        "pred_mean": 0.6420476118473029,
        "actual_freq": 0.52
      },
      "0.7-0.8": {
        "n": 24,
        "pred_mean": 0.7386251389008764,
        "actual_freq": 0.5416666666666666
      },
      "0.8-0.9": {
        "n": 1,
        "pred_mean": 0.8069000000000001,
        "actual_freq": 0.0
      }
    }
  },
  "timestamp": "2026-07-04T18:03:53.557760"
}