{
  "baseline_rps": 0.2323,
  "candidatos": [
    {
      "half_life": 90,
      "rps": 0.2313,
      "rho_ajustado": null,
      "resultado_completo": {
        "n_matches": 1063,
        "brier_score": 0.6446,
        "log_loss": 1.0681,
        "rps": 0.2313,
        "hit_rate_pct": 43.6,
        "ece": 0.1528,
        "calibration": {
          "0.1-0.2": {
            "n": 4,
            "pred_mean": 0.19094026847315265,
            "actual_freq": 0.5
          },
          "0.2-0.3": {
            "n": 151,
            "pred_mean": 0.26727312519544644,
            "actual_freq": 0.5364238410596026
          },
          "0.3-0.4": {
            "n": 337,
            "pred_mean": 0.35154506405147734,
            "actual_freq": 0.516320474777448
          },
          "0.4-0.5": {
            "n": 272,
            "pred_mean": 0.4462600625515124,
            "actual_freq": 0.5992647058823529
          },
          "0.5-0.6": {
            "n": 187,
            "pred_mean": 0.5460595211829374,
            "actual_freq": 0.5935828877005348
          },
          "0.6-0.7": {
            "n": 88,
            "pred_mean": 0.6430247267064405,
            "actual_freq": 0.5340909090909091
          },
          "0.7-0.8": {
            "n": 23,
            "pred_mean": 0.7458684350861627,
            "actual_freq": 0.5652173913043478
          },
          "0.8-0.9": {
            "n": 1,
            "pred_mean": 0.8017,
            "actual_freq": 0.0
          }
        }
      }
    },
    {
      "half_life": 730,
      "rps": 0.2316,
      "rho_ajustado": null,
      "resultado_completo": {
        "n_matches": 1063,
        "brier_score": 0.6456,
        "log_loss": 1.0691,
        "rps": 0.2316,
        "hit_rate_pct": 42.1,
        "ece": 0.1575,
        "calibration": {
          "0.2-0.3": {
            "n": 129,
            "pred_mean": 0.2790774753464957,
            "actual_freq": 0.5348837209302325
          },
          "0.3-0.4": {
            "n": 438,
            "pred_mean": 0.3466664348781324,
            "actual_freq": 0.54337899543379
          },
          "0.4-0.5": {
            "n": 273,
            "pred_mean": 0.44464573719826317,
            "actual_freq": 0.5531135531135531
          },
          "0.5-0.6": {
            "n": 152,
            "pred_mean": 0.5524650833056771,
            "actual_freq": 0.618421052631579
          },
          "0.6-0.7": {
            "n": 56,
            "pred_mean": 0.6519868654900651,
            "actual_freq": 0.5714285714285714
          },
          "0.7-0.8": {
            "n": 15,
            "pred_mean": 0.7417594359435944,
            "actual_freq": 0.4666666666666667
          }
        }
      }
    },
    {
      "half_life": 540,
      "rps": 0.2319,
      "rho_ajustado": null,
      "resultado_completo": {
        "n_matches": 1063,
        "brier_score": 0.6462,
        "log_loss": 1.0701,
        "rps": 0.2319,
        "hit_rate_pct": 42.9,
        "ece": 0.162,
        "calibration": {
          "0.2-0.3": {
            "n": 146,
            "pred_mean": 0.27597631033528364,
            "actual_freq": 0.5205479452054794
          },
          "0.3-0.4": {
            "n": 411,
            "pred_mean": 0.3494924277592503,
            "actual_freq": 0.5425790754257908
          },
          "0.4-0.5": {
            "n": 282,
            "pred_mean": 0.44376707736591187,
            "actual_freq": 0.5673758865248227
          },
          "0.5-0.6": {
            "n": 141,
            "pred_mean": 0.5479310940785237,
            "actual_freq": 0.624113475177305
          },
          "0.6-0.7": {
            "n": 61,
            "pred_mean": 0.6448035126641827,
            "actual_freq": 0.5409836065573771
          },
          "0.7-0.8": {
            "n": 21,
            "pred_mean": 0.7326533358097714,
            "actual_freq": 0.5238095238095238
          },
          "0.8-0.9": {
            "n": 1,
            "pred_mean": 0.8008,
            "actual_freq": 0.0
          }
        }
      }
    },
    {
      "half_life": 180,
      "rps": 0.2323,
      "rho_ajustado": null,
      "resultado_completo": {
        "n_matches": 1063,
        "brier_score": 0.6467,
        "log_loss": 1.0712,
        "rps": 0.2323,
        "hit_rate_pct": 42.4,
        "ece": 0.1586,
        "calibration": {
          "0.1-0.2": {
            "n": 3,
            "pred_mean": 0.1943,
            "actual_freq": 0.0
          },
          "0.2-0.3": {
            "n": 147,
            "pred_mean": 0.26494457244927566,
            "actual_freq": 0.5850340136054422
          },
          "0.3-0.4": {
            "n": 367,
            "pred_mean": 0.34876125721068063,
            "actual_freq": 0.5068119891008175
          },
          "0.4-0.5": {
            "n": 287,
            "pred_mean": 0.4491766881297983,
            "actual_freq": 0.6062717770034843
          },
          "0.5-0.6": {
            "n": 157,
            "pred_mean": 0.5449726290456054,
            "actual_freq": 0.5732484076433121
          },
          "0.6-0.7": {
            "n": 72,
            "pred_mean": 0.640729788619659,
            "actual_freq": 0.5416666666666666
          },
          "0.7-0.8": {
            "n": 29,
            "pred_mean": 0.7423507357497487,
            "actual_freq": 0.5517241379310345
          },
          "0.8-0.9": {
            "n": 1,
            "pred_mean": 0.8067,
            "actual_freq": 0.0
          }
        }
      }
    },
    {
      "half_life": 365,
      "rps": 0.2323,
      "rho_ajustado": null,
      "resultado_completo": {
        "n_matches": 1063,
        "brier_score": 0.6469,
        "log_loss": 1.0712,
        "rps": 0.2323,
        "hit_rate_pct": 43.3,
        "ece": 0.1656,
        "calibration": {
          "0.2-0.3": {
            "n": 150,
            "pred_mean": 0.26980415606920155,
            "actual_freq": 0.5333333333333333
          },
          "0.3-0.4": {
            "n": 396,
            "pred_mean": 0.3506403276044866,
            "actual_freq": 0.5252525252525253
          },
          "0.4-0.5": {
            "n": 286,
            "pred_mean": 0.4454300084961462,
            "actual_freq": 0.5944055944055944
          },
          "0.5-0.6": {
            "n": 131,
            "pred_mean": 0.5412946085757553,
            "actual_freq": 0.6183206106870229
          },
          "0.6-0.7": {
            "n": 75,
            "pred_mean": 0.6420476118473029,
            "actual_freq": 0.52
          },
          "0.7-0.8": {
            "n": 24,
            "pred_mean": 0.7386251389008764,
            "actual_freq": 0.5416666666666666
          },
          "0.8-0.9": {
            "n": 1,
            "pred_mean": 0.8069000000000001,
            "actual_freq": 0.0
          }
        }
      }
    },
    {
      "half_life": 270,
      "rps": 0.2325,
      "rho_ajustado": null,
      "resultado_completo": {
        "n_matches": 1063,
        "brier_score": 0.6472,
        "log_loss": 1.0717,
        "rps": 0.2325,
        "hit_rate_pct": 43.3,
        "ece": 0.163,
        "calibration": {
          "0.2-0.3": {
            "n": 151,
            "pred_mean": 0.2664507323295868,
            "actual_freq": 0.5695364238410596
          },
          "0.3-0.4": {
            "n": 380,
            "pred_mean": 0.34966420207886834,
            "actual_freq": 0.5078947368421053
          },
          "0.4-0.5": {
            "n": 296,
            "pred_mean": 0.44758018387131193,
            "actual_freq": 0.5945945945945946
          },
          "0.5-0.6": {
            "n": 137,
            "pred_mean": 0.5446293733294543,
            "actual_freq": 0.6131386861313869
          },
          "0.6-0.7": {
            "n": 71,
            "pred_mean": 0.643764429935264,
            "actual_freq": 0.5352112676056338
          },
          "0.7-0.8": {
            "n": 27,
            "pred_mean": 0.7410473339853992,