{
  "half_life_candidato": 90,
  "rps_baseline_mitad2": 0.2422,
  "rps_candidato_mitad2": 0.2412,
  "diferencia": 0.0010000000000000009,
  "decision_sugerida": "marginal_revisar",
  "timestamp": "2026-07-04T18:21:18.869551"
}